,0,1,2,3,4,5,6,7,8,9,10,11,12,13,14,15,16,17,18,19,20,21,22,23,24,25,26
0,"""5",star,for,"sure,",and,sexy,and,sweet,and,steamy,small-town,love,"story""

Read",on,@radish_fiction‚Ä¶,https://t.co/0FihiDbkUj,,,,,,,,,,,
1,#Radish-ing,by,@LTComicGifts,"

#veggies",#vegan,#veganism,#vegetarian,#vegetarianism,#party,#formalevents,#fashion‚Ä¶,https://t.co/6qzcwdNDr3,,,,,,,,,,,,,,,
2,Start,reading,these,sexy,cowboys,"today!

Read",the,whole,series,on,"@radish_fiction
https://t.co/hjhEFXNacN

#Romance‚Ä¶",https://t.co/xnZXA9EnK7,,,,,,,,,,,,,,,
3,Who,else,loves,a,good,friends,to,lovers,romance?,Cowboy,"style...

Available",on,"@radish_fiction
Get",Your,Copy:‚Ä¶,https://t.co/gcNIgJunpw,,,,,,,,,,,
4,My,whole,body,is,on,fire,and,he,is,the,only,one,who,can,put,the,fire,out.,-,The,Cowboy,and,His,"Sweetheart

Readon",o‚Ä¶,https://t.co/k2Ow3qzXLt,
5,This,mountain,man,knows,his,way,around,the,woods.,And,how,to,use,his,"hands.

Read",the,whole,series,on‚Ä¶,https://t.co/ApximyK7CF,,,,,,,
6,GREEN,LEAFY,"VEGETABLES

#Spinach",is,just,the,tip,of,the,green,iceberg.,#Vegetable,tops,like,"#turnip,","#radish,‚Ä¶",https://t.co/Kunys0p0hK,,,,,,,,,,
7,#Radish-ing,by,@LTComicGifts,"

#veggies",#vegan,#veganism,#vegetarian,#vegetarianism,#party,#formalevents,#fashion‚Ä¶,https://t.co/n6kpxDfNIp,,,,,,,,,,,,,,,
8,Can,we,find,a,way,to,turn,a,holiday,fling,into,a,lifetime,of,merry,"memories?

Available",on,"@radish_fiction
Get",Your‚Ä¶,https://t.co/C7mjZxYkpd,,,,,,,
9,Her,dream,was,always,to,be,singing,on,stage.,His,dream,has,always,been,"her.

Available",on,"@radish_fiction
Get",Your‚Ä¶,https://t.co/wGkTYWShKb,,,,,,,,
10,In,Frames,|,Winter,harvest,https://t.co/O55GmAhMPD,#andhrapradesh,#araku,#potatocultivation,#radish‚Ä¶,https://t.co/AQPrX2926X,,,,,,,,,,,,,,,,
11,I‚Äôd,fallen,in,love,with,my,pen,"pal,",but,will,he,love,me,"back?

Read",the,whole,series,on,@radish_fiction‚Ä¶,https://t.co/bDDLemuHPJ,,,,,,,
12,#crab,#tostada,#guacamole,#cilantro,#radish,#bluecorn,#tortilla,@freighthousefood,#paducah,#eatlocal‚Ä¶,https://t.co/wly6L3gL1j,,,,,,,,,,,,,,,,
13,#Radish,Readers!,"

I",thought,you'd,be,interested,in,reading,"""The",Malone,"Brothers""",on,#Radish.,Read,it,here:,"

https://t.co/7gNsR9J7Q9",,,,,,,,,
14,Sowing,#radishes,throughout,the,growing,season,can,bring,something,new,and,exciting,to,your,dinner,table,and,will,k‚Ä¶,https://t.co/OAojxk5MLD,,,,,,,
15,Do,you,know,!!!,#radish,#plantbased,#vitamins,#healthylifestyle,#healthy,#healthyfood,#healthyliving,#food‚Ä¶,https://t.co/tLYreT1Osk,,,,,,,,,,,,,,
16,Can,love,free,the,heart,of,a,former,prisoner,of,"war?

Read",Now,on,@radish_fiction,::,,https://t.co/HWaYpmp8RI‚Ä¶,https://t.co/AwBNXNTzfv,,,,,,,,,
17,This,is,a,"Steamy,",Small,"Town,",Military,Romance.,No,Cliffhangers.,With,a,"HEA.

Read",on,@radish_fiction,::‚Ä¶,https://t.co/Wcx7zTTA2o,,,,,,,,,,
18,"Hello,",I'm,"Fergus!
Nice",to,meet,"you!

@merryclaude_MCA","
#cartoon",#squirrel,#√©cureuil,#cuteanimals,#cute,#foryou‚Ä¶,https://t.co/VkMb8QoDfB,,,,,,,,,,,,,,
19,Fried,Turnip,"Cake
#friedcarrotcake",#radish,#egg,#carbs,#turnip,#ketodiet,#healthy,#fitness,#lifestyle,#coffee,#tea‚Ä¶,https://t.co/PA6RlHNuIK,,,,,,,,,,,,,
20,A,Time,"Travel,",Rockstar,"Romance.
He",would,change,the,face,of,music...,unless,their,love,rewrote,"history.

Available‚Ä¶",https://t.co/0Vb0k6yaxj,,,,,,,,,,
21,#Radish-ing,by,@LTComicGifts,"

#veggies",#vegan,#veganism,#vegetarian,#vegetarianism,#party,#formalevents,#fashion‚Ä¶,https://t.co/DVXMyrr5Gs,,,,,,,,,,,,,,,
22,#Vegas,+,#Cowboys,+,A,Crazy,Medling,Grandma,=,One,Crazy,"Ride!

Available",on,"@radish_fiction
Get",Your,Copy:‚Ä¶,https://t.co/5uDqxtQzL8,,,,,,,,,,
23,A,road,trip,with,her,brother's,best,"friend,",alone,in,a,car,for,two,"weeks,",and,only,one,bed.,What,could,go,"wrong?
Re‚Ä¶",https://t.co/2S43EWZsdn,,,
24,The,Cowboy,and,His,Angel,-,A,#CowboyRomance,#PreacherRomance,"#SmallTownRomance

Available",on,"@radish_fiction
Get",Yo‚Ä¶,https://t.co/MyDRScisiM,,,,,,,,,,,,,
25,#Radish-ing,by,@LTComicGifts,"

#veggies",#vegan,#veganism,#vegetarian,#vegetarianism,#party,#formalevents,#fashion‚Ä¶,https://t.co/qTqpubsilP,,,,,,,,,,,,,,,
26,Mr.,and,Mrs.,Dried,"Radish
#radish",#wintervegetables,#coldwinter,https://t.co/TCIvIaIHue,,,,,,,,,,,,,,,,,,,
27,rustic,"breakfast
#breakfast",#wintervegetables,#radish,#pumpkin,#wintermorning,https://t.co/ZmRHXDC9rQ,,,,,,,,,,,,,,,,,,,,
28,#Shorts,#radish,#Moli,Farming,For,More,VIsit,My,website,https://t.co/D1ju1uyLNW,,https://t.co/WOmYrVlea8,,,,,,,,,,,,,,,
29,Hunter's,ready,to,put,it,all,on,the,line,in,this,Best,Friend,to,Lovers,"Romance.

Available",on,@radish_fiction‚Ä¶,https://t.co/Qn9o92q9tv,,,,,,,,
30,He's,a,small,town,Cowboy,Doctor.,She'd,a,big,city,Billionaire.,Yet,they,fit,perfectly...,or,do,"they?

Available",on‚Ä¶,https://t.co/WN7rCc8Nfi,,,,,,,
31,A,#HollywoodPlayboy,+,A,fake,relationship,+,A,Small,Town.,Must,be,the,Sunrise,"Inn!
Available",on,"@radish_fiction
Che‚Ä¶",https://t.co/BYCT7NZChi,,,,,,,,,
32,I,just,found,a,sexy,giant,in,the,river.,This,is,the,part,where,he,carries,me,off,to,his,cave,now,"right?
Read",Now,On‚Ä¶,https://t.co/Bw9hbv17YO,
33,Chase,The,Sun,Duet,#FakeRelationship,#SecondChanceRomance,#SmallTown,"#BeachRomance
Available",on,"@radish_fiction
Rea‚Ä¶",https://t.co/q8RaV9vVBa,,,,,,,,,,,,,,,,
34,Not,exactly,sure,why,this,variety,of,#radish,is,called,French,Breakfast,because,we‚Äôve,NEVER,had,a,radish,for,b-feas‚Ä¶,https://t.co/bgCtYVxm3A,,,,,,
35,Small,Town,+,Friend,To,Lovers,+,Military,"Romance

Read",the,whole,series,on,"@radish_fiction
https://t.co/uPxXwQ1ZOQ‚Ä¶",https://t.co/QzhNdp1PA0,,,,,,,,,,,,
36,@plaza79hotel,-,just,loving,this,place,in,San,Cristobal,"Mexico.
The",breakfast,comes,highly,recommended,üòÄ‚òïÔ∏è‚Ä¶,https://t.co/cZcl0Pj7BE,,,,,,,,,,,
37,If,anyone,wants,to,follow,"Radish,",here,he,is,"üòäüê∞
#Radish",#RadishTheRabbit,"üê∞

https://t.co/vbLeVOfMmd",,,,,,,,,,,,,,,
38,Radish,has,found,his,way,to,XianXian,and,Wangji.,"üê∞üê∞üê∞
#Radish",#RadishTheRabbit,#WangXian,#BunnyFamily,#mdzs,#cql‚Ä¶,https://t.co/D3dS2FtPpo,,,,,,,,,,,
39,Small,"Town,",Second,"Chance,",Military,"Romance

Read",the,whole,series,on,"@radish_fiction
https://t.co/ncIg5KxAOy‚Ä¶",https://t.co/ESHHtfEsZD,,,,,,,,,,,,,,,
40,#Radish-ing,by,@LTComicGifts,"

#veggies",#vegan,#veganism,#vegetarian,#vegetarianism,#party,#formalevents,#fashion‚Ä¶,https://t.co/c7PlPLrjs6,,,,,,,,,,,,,,,
41,#fixitwithfoods,eat,more,#radish,(mooli),for,"scoring
1‚É£",Folic,acid,to,‚¨áÔ∏è,"anaemia
2‚É£",Vitamin,C,to,‚úÖ,"immunity
3‚É£",Anth‚Ä¶,https://t.co/IOcFoKPCzh,,,,,,,,
42,I,got,a,big,bag,of,#radishes,from,Walmart.,I,cut,off,the,tops,and,planted,them.,"

Three",weeks,later.,This,is,how,th‚Ä¶,https://t.co/oNkpIZXHzJ,,
43,A,small,town,in,"Texas,",a,girl,on,the,"run,",and,a,sexy,cowboy,who,won't,let,her,run,again.,Read,"""The",Cowboy,and,His,R‚Ä¶,https://t.co/yYq4I2jCpW
44,#Sketchbook,Sunday,#Radish,#colorpencil,#illustration,#drawing,https://t.co/9zexCIOmsl,,,,,,,,,,,,,,,,,,,,
45,One,expectant,little,bunny,waiting,for,his,"dinner.
#Radish",#RadishTheRabbit,#YearOfTheRabbit,https://t.co/xwpte6EH2b,,,,,,,,,,,,,,,,
46,Try,something,new,and,wild,with,our,Radish,Racoon,Dog!,Perfect,for,a,savory,snack,or,as,a,side,dish,#radish,#racoon‚Ä¶,https://t.co/oVQFxfzIrl,,,,
47,Ready,for,The,Year,of,the,Rabbit!,Radish,approves,of,my,choice,of,"socks.
#LunarNewYear",#LunarNewYear2023‚Ä¶,https://t.co/qwti9Sz13z,,,,,,,,,,,
48,This,is,Saturday,dinner.,It,is,grilled,cod,and,radish,salad,with,sesame.,And,HyugaNatsu,and,Mikan.,I,got,a,fresh,ra‚Ä¶,https://t.co/2E8FoCwga3,,,,
49,A,secret,crush,and,a,second,chance,and,it's,just,so,"romantic!
Read",it,on,"@radish_fiction
https://t.co/jOtQqFVYQt‚Ä¶",https://t.co/ST7drWMsen,,,,,,,,,,,
50,I,posted,new,article,on,my,blog,about,Harvest,of,"Daikon.

https://t.co/swVjXGQNsB

#urbangardening",#urbangardens‚Ä¶,https://t.co/mIhshOPvry,,,,,,,,,,,,,,
51,Radish,is,choosing,what,he,wants,to,eat,tomorrow,"üê∞
#Radish",#RadishTheRabbit,#LunarNewYear,#LunarNewYear2023‚Ä¶,https://t.co/fd3j5fZUAU,,,,,,,,,,,,,
52,Get,the,whole,collection,of,the,Rock,Springs,Texas,Cowboys.,5,Steamy,Cowboys,|,1,Small,"Town!

Available",on‚Ä¶,https://t.co/XabMrHu9Zg,,,,,,,,
53,Just,got,accepted,at,Radish,Fiction,this,month,and,the,first,episode,of,my,new,serialized,fiction,has,been,released‚Ä¶,https://t.co/4jD7Ewqj23,,,,,,
54,'Viva,Magenta',...Viva,Garden,Adventure!,"
The",@pantone,colour,of,the,year,2023,gives,us,a,great,excuse,to,share‚Ä¶,https://t.co/2Di8nVBX99,,,,,,,
55,Everything,slowed,to,crystal,clear,clarity,the,second,I,locked,eyes,with,Maggie.,Come,spend,Valentine's,Day,in,Rock‚Ä¶,https://t.co/xZCdy6pv6a,,,,,,,
56,For,his,heart,to,"heal,",he,must,let,go,of,his,"guilt...
He",was,the,only,one,to,"survive,",she,won't,leave,him,behind.‚Ä¶,https://t.co/N4c6hhlRHC,,,
57,Do,not,ignore,the,humble,radish.,It,shines,even,brighter,with,a,little,"butter,","salt,",pepper,‚Ä¶,Greek,yogurt,on,the,s‚Ä¶,https://t.co/Tgk7SHffFh,,,,
58,"""Colt",is,a,swoon,worthy,cowboy,who,has,a,bad,boy,reputation.,Great,start,right?,Definitely.,He‚Äôs,"kind,","loving,",sexy‚Ä¶,https://t.co/JV71G8uGZT,,,,,,
59,@PFDonato,#radish,#serialfiction,#paranormalromance,#urbanfantasy,#fatedmates,"@radish_fiction
Check",it,out!,The,Thr‚Ä¶,https://t.co/MX9wBT5QHi,,,,,,,,,,,,,,,
60,@McCloskeyWriter,#radish,#serialfiction,#paranormalromance,#urbanfantasy,#fatedmates,"@radish_fiction
Check",it,out!‚Ä¶,https://t.co/0VeQXXTapU,,,,,,,,,,,,,,,,,
61,"""She",is,f***ing,gorgeous,and,has,a,heart,as,big,as,her,dreams.,Some,guy,is,going,to,be,lucky,to,settle,down,with,he‚Ä¶,https://t.co/PLPZ11iS55,
62,Sexy,Cowboys,#FriendsToLovers,#SecondChanceRomance,#Small,Town,"Romance

Read",the,whole,series,on,@radish_fiction‚Ä¶,https://t.co/eyjtnqTC6G,,,,,,,,,,,,,,
63,Who,else,loves,a,good,friends,to,lovers,romance?,Cowboy,"style...

Available",on,"@radish_fiction
Get",Your,Copy:‚Ä¶,https://t.co/VlOPBADXKq,,,,,,,,,,,
64,#Radish-ing,by,@LTComicGifts,"

#veggies",#vegan,#veganism,#vegetarian,#vegetarianism,#party,#formalevents,#fashion‚Ä¶,https://t.co/gs9bSMQCep,,,,,,,,,,,,,,,
65,My,whole,body,is,on,fire,and,he,is,the,only,one,who,can,put,the,fire,out.,-,The,Cowboy,and,His,"Sweetheart

Readon",o‚Ä¶,https://t.co/QxRbZOCn6P,
66,From,#radish,pachadi,to,mooli,"raita,",check,out,some,yummy,and,#nutritious,radish,#recipes,that,are,perfect,for,the‚Ä¶,https://t.co/X7UKH0wFJN,,,,,,,
67,Rich,in,Vitamins,"üåø

#Radish",#Vitamins,#PureONatural,#Hyderabad,#Vizag,#Vijaywada,#FreshVegetables,#FarmFresh,https://t.co/4JloOfV7Lg,,,,,,,,,,,,,,,
68,Take,Me,To,The,Cabin,-,A,"Billionaire,",Mountain,Man,"Romance

Read",the,whole,series,on,@radish_fiction‚Ä¶,https://t.co/NvE3LCmKq7,,,,,,,,,,
69,#Radish-ing,by,@LTComicGifts,"

#veggies",#vegan,#veganism,#vegetarian,#vegetarianism,#party,#formalevents,#fashion‚Ä¶,https://t.co/xUJNOxzkId,,,,,,,,,,,,,,,
70,She,blew,in,with,the,fresh,falling,snow.,Her,life,is,on,the,road.,Mine,is,rooted,in,Rock,"Springs.

Available",on‚Ä¶,https://t.co/FbYzWgqwDq,,,,,
71,Who,knew,I‚Äôd,have,to,lose,it,"all,",to,find,"everything?
Available",on,"@radish_fiction
Get",Your,Copy:‚Ä¶,https://t.co/v1DtYIoLDa,,,,,,,,,,,
